{
    "accuracy": 0.9999523726364921,
    "precision": 1.0,
    "recall": 0.9885496183206107,
    "f1": 0.9942418426103646,
    "auroc": 0.9973240227963622
}