{
    "accuracy": 0.9459799859234681,
    "precision": 1.0,
    "recall": 0.9404639009909075,
    "f1": 0.9693186258303027,
    "auroc": 0.9792943640307517
}